<?xml version="1.0" encoding="UTF-8"?>
<metadata xml:lang="en"><Esri><CreaDate>20160824</CreaDate><CreaTime>11505600</CreaTime><SyncOnce>FALSE</SyncOnce><SyncDate>20160617</SyncDate><SyncTime>15345200</SyncTime><ModDate>20160617</ModDate><ModTime>15345200</ModTime><DataProperties><lineage><Process ToolSource="C:\Program Files\ArcGIS\ArcToolbox\Toolboxes\Conversion Tools.tbx\FeatureClassToFeatureClass" Date="20090723" Time="160603">FeatureClassToFeatureClass E:\Spatial\IEC\Delivery_23072009\sacatb16.shp E:\Work\Wards2009\Master\Basedata2009_WGS84.mdb\Munics LocalMunicipalities # "MUNICCODE 'MUNICCODE' true true false 50 Text 0 0 ,First,#,E:\Spatial\IEC\Delivery_23072009\sacatb16.shp,MUNICCODE,-1,-1" # E:\Work\Wards2009\Master\Basedata2009_WGS84.mdb\Munics\LocalMunicipalities</Process><Process ToolSource="C:\Program Files (x86)\ArcGIS\ArcToolbox\Toolboxes\Conversion Tools.tbx\FeatureClassToFeatureClass" Date="20110117" Time="103013">FeatureClassToFeatureClass E:\C_Work_BackUp\Wards2009\Basedata2009_WGS84.mdb\Munics\LocalMunicipalities E:\Work\Database\MDBSpatial.mdb\Munics LocalMunicipalities2011 # "CATEGORY 'CATEGORY' true true false 5 Text 0 0 ,First,#,E:\C_Work_BackUp\Wards2009\Basedata2009_WGS84.mdb\Munics\LocalMunicipalities,CATEGORY,-1,-1;CAT_B 'CAT_B' true true false 150 Text 0 0 ,First,#,E:\C_Work_BackUp\Wards2009\Basedata2009_WGS84.mdb\Munics\LocalMunicipalities,CAT_B,-1,-1;MUNICNAME 'MUNICNAME' true true false 40 Text 0 0 ,First,#,E:\C_Work_BackUp\Wards2009\Basedata2009_WGS84.mdb\Munics\LocalMunicipalities,MUNICNAME,-1,-1;NAMECODE 'NAMECODE' true true false 255 Text 0 0 ,First,#,E:\C_Work_BackUp\Wards2009\Basedata2009_WGS84.mdb\Munics\LocalMunicipalities,NAMECODE,-1,-1;MAP_TITLE 'MAP_TITLE' true true false 200 Text 0 0 ,First,#,E:\C_Work_BackUp\Wards2009\Basedata2009_WGS84.mdb\Munics\LocalMunicipalities,MAP_TITLE,-1,-1;DISTRICT 'DISTRICT' true true false 25 Text 0 0 ,First,#,E:\C_Work_BackUp\Wards2009\Basedata2009_WGS84.mdb\Munics\LocalMunicipalities,DISTRICT,-1,-1;PROVINCE 'PROVINCE' true true false 50 Text 0 0 ,First,#,E:\C_Work_BackUp\Wards2009\Basedata2009_WGS84.mdb\Munics\LocalMunicipalities,PROVINCE,-1,-1;AREA 'AREA' true true false 4 Float 0 0 ,First,#,E:\C_Work_BackUp\Wards2009\Basedata2009_WGS84.mdb\Munics\LocalMunicipalities,AREA,-1,-1;Shape_Length 'Shape_Length' false true true 8 Double 0 0 ,First,#,E:\C_Work_BackUp\Wards2009\Basedata2009_WGS84.mdb\Munics\LocalMunicipalities,Shape_Length,-1,-1;Shape_Area 'Shape_Area' false true true 8 Double 0 0 ,First,#,E:\C_Work_BackUp\Wards2009\Basedata2009_WGS84.mdb\Munics\LocalMunicipalities,Shape_Area,-1,-1" # E:\Work\Database\MDBSpatial.mdb\Munics\LocalMunicipalities2011</Process><Process ToolSource="c:\program files (x86)\arcgis\desktop10.1\ArcToolbox\Toolboxes\Conversion Tools.tbx\FeatureClassToFeatureClass" Date="20130805" Time="105117">FeatureClassToFeatureClass LocalMunicipalities2011 "Database Servers\WORKSTATION_B_SPATIAL.gds\MDBSpatial (VERSION:dbo.DEFAULT)\MDBSpatial.DBO.Municipalities" B_Munic # "PROVINCE "PROVINCE" true true false 50 Text 0 0 ,First,#,E:\Work\Database\MDBSpatial.mdb\Munics\LocalMunicipalities2011,PROVINCE,-1,-1;CATEGORY "CATEGORY" true true false 5 Text 0 0 ,First,#,E:\Work\Database\MDBSpatial.mdb\Munics\LocalMunicipalities2011,CATEGORY,-1,-1;CAT2 "CAT2" true true false 255 Text 0 0 ,First,#,E:\Work\Database\MDBSpatial.mdb\Munics\LocalMunicipalities2011,CAT2,-1,-1;CAT_B "CAT_B" true true false 150 Text 0 0 ,First,#,E:\Work\Database\MDBSpatial.mdb\Munics\LocalMunicipalities2011,CAT_B,-1,-1;MUNICNAME "MUNICNAME" true true false 100 Text 0 0 ,First,#,E:\Work\Database\MDBSpatial.mdb\Munics\LocalMunicipalities2011,MUNICNAME,-1,-1;MAP_TITLE "MAP_TITLE" true true false 255 Text 0 0 ,First,#,E:\Work\Database\MDBSpatial.mdb\Munics\LocalMunicipalities2011,MAP_TITLE,-1,-1;DISTRICT "DISTRICT" true true false 25 Text 0 0 ,First,#,E:\Work\Database\MDBSpatial.mdb\Munics\LocalMunicipalities2011,DISTRICT,-1,-1;AREA "AREA" true true false 4 Float 0 0 ,First,#,E:\Work\Database\MDBSpatial.mdb\Munics\LocalMunicipalities2011,AREA,-1,-1;Shape_Length "Shape_Length" false true true 8 Double 0 0 ,First,#,E:\Work\Database\MDBSpatial.mdb\Munics\LocalMunicipalities2011,Shape_Length,-1,-1;Shape_Area "Shape_Area" false true true 8 Double 0 0 ,First,#,E:\Work\Database\MDBSpatial.mdb\Munics\LocalMunicipalities2011,Shape_Area,-1,-1;MapNo "MapNo" true true false 4 Long 0 0 ,First,#,E:\Work\Database\MDBSpatial.mdb\Munics\LocalMunicipalities2011,MapNo,-1,-1;MUN_CD "MUN_CD" true true false 10 Text 0 0 ,First,#,E:\Work\Database\MDBSpatial.mdb\Munics\LocalMunicipalities2011,MUN_CD,-1,-1;PROVNAME "PROVNAME" true true false 50 Text 0 0 ,First,#,E:\Work\Database\MDBSpatial.mdb\Munics\LocalMunicipalities2011,PROVNAME,-1,-1;Shape_Leng "Shape_Leng" true true false 8 Double 0 0 ,First,#,E:\Work\Database\MDBSpatial.mdb\Munics\LocalMunicipalities2011,Shape_Leng,-1,-1" #</Process><Process ToolSource="c:\program files (x86)\arcgis\desktop10.1\ArcToolbox\Toolboxes\Conversion Tools.tbx\FeatureClassToFeatureClass" Date="20140110" Time="134431">FeatureClassToFeatureClass "M:\projects\Re-determination\Redeterminations_2011_2012_2013\NATIONAL database\Muncipalities2013\Muncipalities2013.shp" C:\Work\Data\Master\MDBSpatial.mdb\Munics Municipalities2016 # "OBJECTID "OBJECTID" true true false 10 Double 0 10 ,First,#,M:\projects\Re-determination\Redeterminations_2011_2012_2013\NATIONAL database\Muncipalities2013\Muncipalities2013.shp,OBJECTID,-1,-1;PROVINCE "PROVINCE" true true false 50 Text 0 0 ,First,#,M:\projects\Re-determination\Redeterminations_2011_2012_2013\NATIONAL database\Muncipalities2013\Muncipalities2013.shp,PROVINCE,-1,-1;CATEGORY "CATEGORY" true true false 5 Text 0 0 ,First,#,M:\projects\Re-determination\Redeterminations_2011_2012_2013\NATIONAL database\Muncipalities2013\Muncipalities2013.shp,CATEGORY,-1,-1;CAT2 "CAT2" true true false 254 Text 0 0 ,First,#,M:\projects\Re-determination\Redeterminations_2011_2012_2013\NATIONAL database\Muncipalities2013\Muncipalities2013.shp,CAT2,-1,-1;CODE "CODE" true true false 150 Text 0 0 ,First,#,M:\projects\Re-determination\Redeterminations_2011_2012_2013\NATIONAL database\Muncipalities2013\Muncipalities2013.shp,CODE,-1,-1;MUNICNAME "MUNICNAME" true true false 100 Text 0 0 ,First,#,M:\projects\Re-determination\Redeterminations_2011_2012_2013\NATIONAL database\Muncipalities2013\Muncipalities2013.shp,MUNICNAME,-1,-1;MAP_TITLE "MAP_TITLE" true true false 254 Text 0 0 ,First,#,M:\projects\Re-determination\Redeterminations_2011_2012_2013\NATIONAL database\Muncipalities2013\Muncipalities2013.shp,MAP_TITLE,-1,-1;DISTRICT "DISTRICT" true true false 25 Text 0 0 ,First,#,M:\projects\Re-determination\Redeterminations_2011_2012_2013\NATIONAL database\Muncipalities2013\Muncipalities2013.shp,DISTRICT,-1,-1;AREA "AREA" true true false 19 Double 8 18 ,First,#,M:\projects\Re-determination\Redeterminations_2011_2012_2013\NATIONAL database\Muncipalities2013\Muncipalities2013.shp,AREA,-1,-1;MapNo "MapNo" true true false 10 Double 0 10 ,First,#,M:\projects\Re-determination\Redeterminations_2011_2012_2013\NATIONAL database\Muncipalities2013\Muncipalities2013.shp,MapNo,-1,-1;MUN_CD "MUN_CD" true true false 10 Text 0 0 ,First,#,M:\projects\Re-determination\Redeterminations_2011_2012_2013\NATIONAL database\Muncipalities2013\Muncipalities2013.shp,MUN_CD,-1,-1;PROVNAME "PROVNAME" true true false 50 Text 0 0 ,First,#,M:\projects\Re-determination\Redeterminations_2011_2012_2013\NATIONAL database\Muncipalities2013\Muncipalities2013.shp,PROVNAME,-1,-1;Shape_Leng "Shape_Leng" true true false 19 Double 8 18 ,First,#,M:\projects\Re-determination\Redeterminations_2011_2012_2013\NATIONAL database\Muncipalities2013\Muncipalities2013.shp,Shape_Leng,-1,-1;Shape_STAr "Shape_STAr" true true false 19 Double 0 0 ,First,#,M:\projects\Re-determination\Redeterminations_2011_2012_2013\NATIONAL database\Muncipalities2013\Muncipalities2013.shp,Shape_STAr,-1,-1;Shape_STLe "Shape_STLe" true true false 19 Double 0 0 ,First,#,M:\projects\Re-determination\Redeterminations_2011_2012_2013\NATIONAL database\Muncipalities2013\Muncipalities2013.shp,Shape_STLe,-1,-1" #</Process><Process ToolSource="c:\program files (x86)\arcgis\desktop10.2\ArcToolbox\Toolboxes\Data Management Tools.tbx\CalculateField" Date="20160116" Time="141922">CalculateField LocalMunicipalities2016 NAMECODE [MUNICNAME]+"("+ [CAT_B]+")" VB #</Process><Process ToolSource="c:\program files (x86)\arcgis\desktop10.2\ArcToolbox\Toolboxes\Data Management Tools.tbx\CalculateField" Date="20160116" Time="141946">CalculateField LocalMunicipalities2016 NAMECODE [MUNICNAME]+" ("+ [CAT_B]+")" VB #</Process><Process ToolSource="c:\program files (x86)\arcgis\desktop10.2\ArcToolbox\Toolboxes\Data Management Tools.tbx\CalculateField" Date="20160116" Time="142057">CalculateField LocalMunicipalities2016 NAMECODE [MUNICNAME]+" ("+ [CAT_B]+")" VB #</Process><Process ToolSource="c:\program files (x86)\arcgis\desktop10.2\ArcToolbox\Toolboxes\Data Management Tools.tbx\CalculateField" Date="20160116" Time="142116">CalculateField LocalMunicipalities2016 NAMECODE [MUNICNAME]+" ("+ [CAT_B]+")" VB #</Process><Process ToolSource="c:\program files (x86)\arcgis\desktop10.2\ArcToolbox\Toolboxes\Conversion Tools.tbx\FeatureClassToFeatureClass" Date="20160209" Time="103800">FeatureClassToFeatureClass LocalMunicipalities2016 M:\projects\WardDelimitation\WardDelimitation2016\FinalWardMaps2016\MasterData2016\MDBSpatial.mdb\Munics LocalMunicipalities2016 # "PROVINCE "PROVINCE" true true false 50 Text 0 0 ,First,#,LocalMunicipalities2016,PROVINCE,-1,-1;CATEGORY "CATEGORY" true true false 5 Text 0 0 ,First,#,LocalMunicipalities2016,CATEGORY,-1,-1;CAT2 "CAT2" true true false 254 Text 0 0 ,First,#,LocalMunicipalities2016,CAT2,-1,-1;CAT_B "CAT_B" true true false 150 Text 0 0 ,First,#,LocalMunicipalities2016,CAT_B,-1,-1;MUNICNAME "MUNICNAME" true true false 100 Text 0 0 ,First,#,LocalMunicipalities2016,MUNICNAME,-1,-1;NAMECODE "NAMECODE" true true false 254 Text 0 0 ,First,#,LocalMunicipalities2016,NAMECODE,-1,-1;MAP_TITLE "MAP_TITLE" true true false 254 Text 0 0 ,First,#,LocalMunicipalities2016,MAP_TITLE,-1,-1;DISTRICT "DISTRICT" true true false 25 Text 0 0 ,First,#,LocalMunicipalities2016,DISTRICT,-1,-1;DISTRICT_N "DISTRICT_N" true true false 100 Text 0 0 ,First,#,LocalMunicipalities2016,DISTRICT_N,-1,-1;Shape_Leng "Shape_Leng" true true false 19 Double 0 0 ,First,#,LocalMunicipalities2016,Shape_Leng,-1,-1;Shape_Area "Shape_Area" true true false 19 Double 0 0 ,First,#,LocalMunicipalities2016,Shape_Area,-1,-1" #</Process><Process ToolSource="c:\program files (x86)\arcgis\desktop10.2\ArcToolbox\Toolboxes\Data Management Tools.tbx\Dissolve" Date="20160209" Time="104835">Dissolve LocalMunicipalities2016 C:\work\jhb_EKU_district.shp PROVINCE;DISTRICT;DISTRICT_N # MULTI_PART DISSOLVE_LINES</Process><Process ToolSource="c:\program files (x86)\arcgis\desktop10.2\ArcToolbox\Toolboxes\Data Management Tools.tbx\CalculateField" Date="20160224" Time="143628">CalculateField "District Councils" F1 "District Municipality" VB #</Process><Process ToolSource="c:\program files (x86)\arcgis\desktop10.2\ArcToolbox\Toolboxes\Data Management Tools.tbx\CalculateField" Date="20160224" Time="143729">CalculateField "District Councils" F2 [DISTRICT_N] VB #</Process><Process ToolSource="c:\program files (x86)\arcgis\desktop10.2\ArcToolbox\Toolboxes\Data Management Tools.tbx\CalculateField" Date="20160224" Time="143912">CalculateField "District Councils" F3 [DISTRICT] VB #</Process><Process ToolSource="c:\program files (x86)\arcgis\desktop10.2\ArcToolbox\Toolboxes\Data Management Tools.tbx\CalculateField" Date="20160224" Time="144058">CalculateField "District Councils" F4 "[F2] +" " + [F1] +" " + [F3]" VB #</Process></lineage><itemProps><itemName Sync="TRUE">MDB_GIS.DBO.DistrictMunicipalities2016</itemName><imsContentType Sync="TRUE">002</imsContentType><itemLocation><linkage Sync="TRUE">Server=hera; Service=sde:sqlserver:hera; Database=MDB_GIS; Version=dbo.DEFAULT</linkage><protocol Sync="TRUE">ArcSDE Connection</protocol></itemLocation><itemSize Sync="TRUE">0.000</itemSize></itemProps><coordRef><type Sync="TRUE">Geographic</type><geogcsn Sync="TRUE">GCS_WGS_1984</geogcsn><csUnits Sync="TRUE">Angular Unit: Degree (0.017453)</csUnits><peXml Sync="TRUE">&lt;GeographicCoordinateSystem xsi:type='typens:GeographicCoordinateSystem' xmlns:xsi='http://www.w3.org/2001/XMLSchema-instance' xmlns:xs='http://www.w3.org/2001/XMLSchema' xmlns:typens='http://www.esri.com/schemas/ArcGIS/10.3'&gt;&lt;WKT&gt;GEOGCS[&amp;quot;GCS_WGS_1984&amp;quot;,DATUM[&amp;quot;D_WGS_1984&amp;quot;,SPHEROID[&amp;quot;WGS_1984&amp;quot;,6378137.0,298.257223563]],PRIMEM[&amp;quot;Greenwich&amp;quot;,0.0],UNIT[&amp;quot;Degree&amp;quot;,0.0174532925199433],AUTHORITY[&amp;quot;EPSG&amp;quot;,4326]]&lt;/WKT&gt;&lt;XOrigin&gt;-400&lt;/XOrigin&gt;&lt;YOrigin&gt;-400&lt;/YOrigin&gt;&lt;XYScale&gt;999999999.99999988&lt;/XYScale&gt;&lt;ZOrigin&gt;0&lt;/ZOrigin&gt;&lt;ZScale&gt;1&lt;/ZScale&gt;&lt;MOrigin&gt;0&lt;/MOrigin&gt;&lt;MScale&gt;1&lt;/MScale&gt;&lt;XYTolerance&gt;8.983152841195215e-009&lt;/XYTolerance&gt;&lt;ZTolerance&gt;0.001&lt;/ZTolerance&gt;&lt;MTolerance&gt;0.001&lt;/MTolerance&gt;&lt;HighPrecision&gt;true&lt;/HighPrecision&gt;&lt;LeftLongitude&gt;-180&lt;/LeftLongitude&gt;&lt;WKID&gt;4326&lt;/WKID&gt;&lt;LatestWKID&gt;4326&lt;/LatestWKID&gt;&lt;/GeographicCoordinateSystem&gt;</peXml></coordRef></DataProperties><ArcGISFormat>1.0</ArcGISFormat><ArcGISstyle>XTools Pro Metadata</ArcGISstyle></Esri><idinfo><native Sync="TRUE">Microsoft Windows Vista Version 6.1 (Build 7600) ; ESRI ArcCatalog 9.3.0.1770</native><descript><langdata Sync="TRUE">en</langdata><abstract>REQUIRED: A brief narrative summary of the data set.</abstract><purpose>REQUIRED: A summary of the intentions with which the data set was developed.</purpose></descript><citation><citeinfo><origin>REQUIRED: The name of an organization or individual that developed the data set.</origin><pubdate>REQUIRED: The date when the data set is published or otherwise made available for release.</pubdate><title Sync="TRUE">LocalMunicipalities2011</title><ftname Sync="TRUE">LocalMunicipalities2011</ftname><geoform Sync="TRUE">vector digital data</geoform><onlink Sync="TRUE">\\PRECISION_S\E$\Work\Database\MDBSpatial.mdb</onlink></citeinfo></citation><timeperd><current>REQUIRED: The basis on which the time period of content information is determined.</current><timeinfo><sngdate><caldate>REQUIRED: The year (and optionally month, or month and day) for which the data set corresponds to the ground.</caldate></sngdate></timeinfo></timeperd><status><progress>REQUIRED: The state of the data set.</progress><update>REQUIRED: The frequency with which changes and additions are made to the data set after the initial data set is completed.</update></status><spdom><bounding><westbc Sync="TRUE">REQUIRED: Western-most coordinate of the limit of coverage expressed in longitude.</westbc><eastbc Sync="TRUE">REQUIRED: Eastern-most coordinate of the limit of coverage expressed in longitude.</eastbc><northbc Sync="TRUE">REQUIRED: Northern-most coordinate of the limit of coverage expressed in latitude.</northbc><southbc Sync="TRUE">REQUIRED: Southern-most coordinate of the limit of coverage expressed in latitude.</southbc></bounding></spdom><keywords><theme><themekt>REQUIRED: Reference to a formally registered thesaurus or a similar authoritative source of theme keywords.</themekt><themekey>REQUIRED: Common-use word or phrase used to describe the subject of the data set.</themekey></theme></keywords><accconst>REQUIRED: Restrictions and legal prerequisites for accessing the data set.</accconst><useconst>REQUIRED: Restrictions and legal prerequisites for using the data set after access is granted.</useconst><natvform Sync="TRUE">Personal GeoDatabase Feature Class</natvform></idinfo><dataIdInfo><envirDesc Sync="TRUE"> Version 6.2 (Build 9200) ; Esri ArcGIS 10.3.1.4959</envirDesc><dataLang><languageCode Sync="TRUE" value="eng"/><countryCode value="ZAF" Sync="TRUE"/></dataLang><idCitation><resTitle Sync="TRUE">MDB_GIS.DBO.DistrictMunicipalities2016</resTitle><presForm><PresFormCd Sync="TRUE" value="005"/></presForm></idCitation><spatRpType><SpatRepTypCd Sync="TRUE" value="001"/></spatRpType></dataIdInfo><metainfo><langmeta Sync="TRUE">en</langmeta><metstdn Sync="TRUE">FGDC Content Standards for Digital Geospatial Metadata</metstdn><metstdv Sync="TRUE">FGDC-STD-001-1998</metstdv><mettc Sync="TRUE">local time</mettc><metc><cntinfo><cntorgp><cntper>REQUIRED: The person responsible for the metadata information.</cntper><cntorg>REQUIRED: The organization responsible for the metadata information.</cntorg></cntorgp><cntaddr><addrtype>REQUIRED: The mailing and/or physical address for the organization or individual.</addrtype><city>REQUIRED: The city of the address.</city><state>REQUIRED: The state or province of the address.</state><postal>REQUIRED: The ZIP or other postal code of the address.</postal></cntaddr><cntvoice>REQUIRED: The telephone number by which individuals can speak to the organization or individual.</cntvoice></cntinfo></metc><metd Sync="TRUE">20110117</metd></metainfo><mdLang><languageCode Sync="TRUE" value="eng"/><countryCode value="ZAF" Sync="TRUE"/></mdLang><mdStanName Sync="TRUE">ISO 19115 Geographic Information - Metadata</mdStanName><mdStanVer Sync="TRUE">DIS_ESRI1.0</mdStanVer><mdChar><CharSetCd Sync="TRUE" value="004"/></mdChar><mdHrLv><ScopeCd Sync="TRUE" value="005"/></mdHrLv><mdHrLvName Sync="TRUE">dataset</mdHrLvName><distinfo><resdesc Sync="TRUE">Downloadable Data</resdesc></distinfo><distInfo><distributor><distorTran><onLineSrc><orDesc Sync="TRUE">002</orDesc><linkage Sync="TRUE">file://\\PRECISION_S\E$\Work\Database\MDBSpatial.mdb</linkage><protocol Sync="TRUE">Local Area Network</protocol></onLineSrc></distorTran><distorFormat><formatName Sync="TRUE">Personal GeoDatabase Feature Class</formatName></distorFormat></distributor><distFormat><formatName Sync="TRUE">SDE Feature Class</formatName></distFormat><distTranOps><transSize Sync="TRUE">0.000</transSize></distTranOps></distInfo><spdoinfo><direct Sync="TRUE">Vector</direct><ptvctinf><esriterm Name="MDB_GIS.DBO.DistrictMunicipalities2016"><efeatyp Sync="TRUE">Simple</efeatyp><efeageom code="4" Sync="TRUE"/><esritopo Sync="TRUE">FALSE</esritopo><efeacnt Sync="TRUE">0</efeacnt><spindex Sync="TRUE">TRUE</spindex><linrefer Sync="TRUE">FALSE</linrefer></esriterm></ptvctinf></spdoinfo><spref><horizsys><cordsysn><geogcsn Sync="TRUE">GCS_WGS_1984</geogcsn></cordsysn><geograph><geogunit Sync="TRUE">Decimal degrees</geogunit><latres Sync="TRUE">0.000000</latres><longres Sync="TRUE">0.000000</longres></geograph><geodetic><horizdn Sync="TRUE">D_WGS_1984</horizdn><ellips Sync="TRUE">WGS_1984</ellips><semiaxis Sync="TRUE">6378137.000000</semiaxis><denflat Sync="TRUE">298.257224</denflat></geodetic></horizsys><vertdef><altsys><altenc Sync="TRUE">Explicit elevation coordinate included with horizontal coordinates</altenc><altres Sync="TRUE">0.000100</altres></altsys></vertdef></spref><refSysInfo><RefSystem><refSysID><identCode Sync="TRUE" value="4326" code="4326">GCS_WGS_1984</identCode><idCodeSpace Sync="TRUE">EPSG</idCodeSpace><idVersion Sync="TRUE">8.6.2</idVersion></refSysID></RefSystem></refSysInfo><spatRepInfo><VectSpatRep><geometObjs Name="MDB_GIS.DBO.DistrictMunicipalities2016"><geoObjTyp><GeoObjTypCd value="002" Sync="TRUE"/></geoObjTyp><geoObjCnt Sync="TRUE">0</geoObjCnt></geometObjs><topLvl><TopoLevCd value="001" Sync="TRUE"/></topLvl></VectSpatRep></spatRepInfo><eainfo><detailed Name="MDB_GIS.DBO.DistrictMunicipalities2016"><enttyp><enttypl Sync="TRUE">MDB_GIS.DBO.DistrictMunicipalities2016</enttypl><enttypt Sync="TRUE">Feature Class</enttypt><enttypc Sync="TRUE">0</enttypc></enttyp><attr><attrlabl Sync="TRUE">OBJECTID</attrlabl><attalias Sync="TRUE">OBJECTID</attalias><attrtype Sync="TRUE">OID</attrtype><attwidth Sync="TRUE">4</attwidth><atprecis Sync="TRUE">10</atprecis><attscale Sync="TRUE">0</attscale><attrdef Sync="TRUE">Internal feature number.</attrdef><attrdefs Sync="TRUE">Esri</attrdefs><attrdomv><udom Sync="TRUE">Sequential unique whole numbers that are automatically generated.</udom></attrdomv></attr><attr><attrlabl Sync="TRUE">Shape</attrlabl><attalias Sync="TRUE">Shape</attalias><attrtype Sync="TRUE">Geometry</attrtype><attwidth Sync="TRUE">4</attwidth><atprecis Sync="TRUE">0</atprecis><attscale Sync="TRUE">0</attscale><attrdef Sync="TRUE">Feature geometry.</attrdef><attrdefs Sync="TRUE">ESRI</attrdefs><attrdomv><udom Sync="TRUE">Coordinates defining the features.</udom></attrdomv></attr><attr><attrlabl Sync="TRUE">DISTRICT</attrlabl><attalias Sync="TRUE">DISTRICT</attalias><attrtype Sync="TRUE">String</attrtype><attwidth Sync="TRUE">25</attwidth><atprecis Sync="TRUE">0</atprecis><attscale Sync="TRUE">0</attscale></attr><attr><attrlabl Sync="TRUE">PROVINCE</attrlabl><attalias Sync="TRUE">PROVINCE</attalias><attrtype Sync="TRUE">String</attrtype><attwidth Sync="TRUE">50</attwidth><atprecis Sync="TRUE">0</atprecis><attscale Sync="TRUE">0</attscale></attr><attr><attrlabl Sync="TRUE">F1</attrlabl><attalias Sync="TRUE">F1</attalias><attrtype Sync="TRUE">String</attrtype><attwidth Sync="TRUE">50</attwidth><atprecis Sync="TRUE">0</atprecis><attscale Sync="TRUE">0</attscale></attr><attr><attrlabl Sync="TRUE">F2</attrlabl><attalias Sync="TRUE">F2</attalias><attrtype Sync="TRUE">String</attrtype><attwidth Sync="TRUE">50</attwidth><atprecis Sync="TRUE">0</atprecis><attscale Sync="TRUE">0</attscale></attr><attr><attrlabl Sync="TRUE">F3</attrlabl><attalias Sync="TRUE">F3</attalias><attrtype Sync="TRUE">String</attrtype><attwidth Sync="TRUE">100</attwidth><atprecis Sync="TRUE">0</atprecis><attscale Sync="TRUE">0</attscale></attr><attr><attrlabl Sync="TRUE">F4</attrlabl><attalias Sync="TRUE">F4</attalias><attrtype Sync="TRUE">String</attrtype><attwidth Sync="TRUE">100</attwidth><atprecis Sync="TRUE">0</atprecis><attscale Sync="TRUE">0</attscale></attr><attr><attrlabl Sync="TRUE">DISTRICT_N</attrlabl><attalias Sync="TRUE">DISTRICT_N</attalias><attrtype Sync="TRUE">String</attrtype><attwidth Sync="TRUE">100</attwidth><atprecis Sync="TRUE">0</atprecis><attscale Sync="TRUE">0</attscale></attr><attr><attrlabl Sync="TRUE">Shape.STArea()</attrlabl><attalias Sync="TRUE">Shape.STArea()</attalias><attrtype Sync="TRUE">Double</attrtype><attwidth Sync="TRUE">0</attwidth><atprecis Sync="TRUE">0</atprecis><attscale Sync="TRUE">0</attscale></attr><attr><attrlabl Sync="TRUE">Shape.STLength()</attrlabl><attalias Sync="TRUE">Shape.STLength()</attalias><attrtype Sync="TRUE">Double</attrtype><attwidth Sync="TRUE">0</attwidth><atprecis Sync="TRUE">0</atprecis><attscale Sync="TRUE">0</attscale></attr></detailed></eainfo><mdDateSt Sync="TRUE">20160617</mdDateSt><dataqual><lineage><procstep><procdesc Sync="TRUE">Dataset copied.</procdesc><srcused Sync="TRUE">\\SHANE_XPS\C$\Wards2009\Master\Basedata2009_WGS84.mdb</srcused><procdate Sync="TRUE">20090724</procdate><proctime Sync="TRUE">14491900</proctime></procstep><procstep><procdesc Sync="TRUE">Dataset copied.</procdesc><srcused Sync="TRUE">\\PRECISION_S\E$\Work\MDAlignment\DOJSpatial.mdb</srcused><procdate Sync="TRUE">20110517</procdate><proctime Sync="TRUE">19222900</proctime></procstep></lineage></dataqual></metadata>
