<?xml version="1.0" encoding="UTF-8"?>
<metadata xml:lang="en"><Esri><CreaDate>20160428</CreaDate><CreaTime>10132400</CreaTime><ArcGISFormat>1.0</ArcGISFormat><ArcGISstyle>XTools Pro Metadata</ArcGISstyle><SyncOnce>FALSE</SyncOnce><DataProperties><itemProps><itemName Sync="TRUE">Wards2016_2</itemName><imsContentType Sync="TRUE">002</imsContentType><itemLocation><linkage Sync="TRUE">file://\\Athena\MDB\projects\WardDelimitation\WardDelimitation2016\FinalWardMaps2016\MasterData2016\MDBSpatial.mdb</linkage><protocol Sync="TRUE">Local Area Network</protocol></itemLocation><itemSize Sync="TRUE">0.000</itemSize></itemProps><coordRef><type Sync="TRUE">Geographic</type><geogcsn Sync="TRUE">GCS_WGS_1984</geogcsn><csUnits Sync="TRUE">Angular Unit: Degree (0.017453)</csUnits><peXml Sync="TRUE">&lt;GeographicCoordinateSystem xsi:type='typens:GeographicCoordinateSystem' xmlns:xsi='http://www.w3.org/2001/XMLSchema-instance' xmlns:xs='http://www.w3.org/2001/XMLSchema' xmlns:typens='http://www.esri.com/schemas/ArcGIS/10.1'&gt;&lt;WKT&gt;GEOGCS[&amp;quot;GCS_WGS_1984&amp;quot;,DATUM[&amp;quot;D_WGS_1984&amp;quot;,SPHEROID[&amp;quot;WGS_1984&amp;quot;,6378137.0,298.257223563]],PRIMEM[&amp;quot;Greenwich&amp;quot;,0.0],UNIT[&amp;quot;Degree&amp;quot;,0.0174532925199433],AUTHORITY[&amp;quot;EPSG&amp;quot;,4326]]&lt;/WKT&gt;&lt;XOrigin&gt;-400&lt;/XOrigin&gt;&lt;YOrigin&gt;-400&lt;/YOrigin&gt;&lt;XYScale&gt;999999999.99999988&lt;/XYScale&gt;&lt;ZOrigin&gt;-100000&lt;/ZOrigin&gt;&lt;ZScale&gt;10000&lt;/ZScale&gt;&lt;MOrigin&gt;-100000&lt;/MOrigin&gt;&lt;MScale&gt;10000&lt;/MScale&gt;&lt;XYTolerance&gt;8.98315284119521e-009&lt;/XYTolerance&gt;&lt;ZTolerance&gt;0.001&lt;/ZTolerance&gt;&lt;MTolerance&gt;0.001&lt;/MTolerance&gt;&lt;HighPrecision&gt;true&lt;/HighPrecision&gt;&lt;LeftLongitude&gt;-180&lt;/LeftLongitude&gt;&lt;WKID&gt;4326&lt;/WKID&gt;&lt;LatestWKID&gt;4326&lt;/LatestWKID&gt;&lt;/GeographicCoordinateSystem&gt;</peXml></coordRef><lineage><Process ToolSource="c:\program files (x86)\arcgis\desktop10.1\ArcToolbox\Toolboxes\Conversion Tools.tbx\FeatureClassToFeatureClass" Date="20150910" Time="123756">FeatureClassToFeatureClass "C:\work\Wards\BATCH3\Section 21_5 Voting districts 21082015\VotingDistricts.shp" C:\work\Wards\BATCH3\MDBSpatial.mdb\Elections vd_b3 # "Province "Province" true true false 50 Text 0 0 ,First,#,C:\work\Wards\BATCH3\Section 21_5 Voting districts 21082015\VotingDistricts.shp,Province,-1,-1;RegPop "RegPop" true true false 9 Long 0 9 ,First,#,C:\work\Wards\BATCH3\Section 21_5 Voting districts 21082015\VotingDistricts.shp,RegPop,-1,-1;VDNumber "VDNumber" true true false 9 Long 0 9 ,First,#,C:\work\Wards\BATCH3\Section 21_5 Voting districts 21082015\VotingDistricts.shp,VDNumber,-1,-1;Shape_Leng "Shape_Leng" true true false 19 Double 0 0 ,First,#,C:\work\Wards\BATCH3\Section 21_5 Voting districts 21082015\VotingDistricts.shp,Shape_Leng,-1,-1;Shape_Area "Shape_Area" true true false 19 Double 0 0 ,First,#,C:\work\Wards\BATCH3\Section 21_5 Voting districts 21082015\VotingDistricts.shp,Shape_Area,-1,-1;Munic2016_ "Munic2016_" true true false 150 Text 0 0 ,First,#,C:\work\Wards\BATCH3\Section 21_5 Voting districts 21082015\VotingDistricts.shp,Munic2016_,-1,-1" #</Process><Process ToolSource="c:\program files (x86)\arcgis\desktop10.1\ArcToolbox\Toolboxes\Data Management Tools.tbx\CalculateField" Date="20150910" Time="124527">CalculateField vd_b3 Update_ "IEC_28_08_2015" VB #</Process><Process ToolSource="c:\program files (x86)\arcgis\desktop10.1\ArcToolbox\Toolboxes\Data Management Tools.tbx\CalculateField" Date="20150910" Time="124556">CalculateField vd_b3 WardPop [REGPOP] VB #</Process><Process ToolSource="c:\program files (x86)\arcgis\desktop10.1\ArcToolbox\Toolboxes\Data Management Tools.tbx\Merge" Date="20150915" Time="002714">Merge MDB_P_VD9;MDB_P_VD8;MDB_P_VD7;MDB_P_VD6;MDB_P_VD5;MDB_P_VD4;MDB_P_VD3;MDB_P_VD2;MDB_P_VD1 C:\work\Wards\BATCH3\QA_SPATIAL_WARDS_LIM_B3.mdb\IEC_ALIGNED_VD_BATCH3 "Province "Province" true true false 50 Text 0 0 ,First,#,MDB_P_VD9,Province,-1,-1,MDB_P_VD8,Province,-1,-1,MDB_P_VD7,Province,-1,-1,MDB_P_VD6,Province,-1,-1,MDB_P_VD5,Province,-1,-1,MDB_P_VD4,Province,-1,-1,MDB_P_VD3,Province,-1,-1,MDB_P_VD2,Province,-1,-1,MDB_P_VD1,Province,-1,-1;REGPOP "REGPOP" true true false 4 Long 0 0 ,First,#,MDB_P_VD9,REGPOP,-1,-1,MDB_P_VD8,REGPOP,-1,-1,MDB_P_VD7,REGPOP,-1,-1,MDB_P_VD6,REGPOP,-1,-1,MDB_P_VD5,REGPOP,-1,-1,MDB_P_VD4,REGPOP,-1,-1,MDB_P_VD3,REGPOP,-1,-1,MDB_P_VD2,REGPOP,-1,-1,MDB_P_VD1,REGPOP,-1,-1;VDNumber "VDNumber" true true false 4 Long 0 0 ,First,#,MDB_P_VD9,VDNumber,-1,-1,MDB_P_VD8,VDNumber,-1,-1,MDB_P_VD7,VDNumber,-1,-1,MDB_P_VD6,VDNumber,-1,-1,MDB_P_VD5,VDNumber,-1,-1,MDB_P_VD4,VDNumber,-1,-1,MDB_P_VD3,VDNumber,-1,-1,MDB_P_VD2,VDNumber,-1,-1,MDB_P_VD1,VDNumber,-1,-1;CAT_B "CAT_B" true true false 150 Text 0 0 ,First,#,MDB_P_VD9,CAT_B,-1,-1,MDB_P_VD8,CAT_B,-1,-1,MDB_P_VD7,CAT_B,-1,-1,MDB_P_VD6,CAT_B,-1,-1,MDB_P_VD5,CAT_B,-1,-1,MDB_P_VD4,CAT_B,-1,-1,MDB_P_VD3,CAT_B,-1,-1,MDB_P_VD2,CAT_B,-1,-1,MDB_P_VD1,CAT_B,-1,-1;WardNo "WardNo" true true false 2 Short 0 0 ,First,#,MDB_P_VD9,WardNo,-1,-1,MDB_P_VD8,WardNo,-1,-1,MDB_P_VD7,WardNo,-1,-1,MDB_P_VD6,WardNo,-1,-1,MDB_P_VD5,WardNo,-1,-1,MDB_P_VD4,WardNo,-1,-1,MDB_P_VD3,WardNo,-1,-1,MDB_P_VD2,WardNo,-1,-1,MDB_P_VD1,WardNo,-1,-1;WardPop "WardPop" true true false 2 Short 0 0 ,First,#,MDB_P_VD9,WardPop,-1,-1,MDB_P_VD8,WardPop,-1,-1,MDB_P_VD7,WardPop,-1,-1,MDB_P_VD6,WardPop,-1,-1,MDB_P_VD5,WardPop,-1,-1,MDB_P_VD4,WardPop,-1,-1,MDB_P_VD3,WardPop,-1,-1,MDB_P_VD2,WardPop,-1,-1,MDB_P_VD1,WardPop,-1,-1;WardID "WardID" true true false 10 Text 0 0 ,First,#,MDB_P_VD9,WardID,-1,-1,MDB_P_VD8,WardID,-1,-1,MDB_P_VD7,WardID,-1,-1,MDB_P_VD6,WardID,-1,-1,MDB_P_VD5,WardID,-1,-1,MDB_P_VD4,WardID,-1,-1,MDB_P_VD3,WardID,-1,-1,MDB_P_VD2,WardID,-1,-1,MDB_P_VD1,WardID,-1,-1;Split_VD "Split_VD" true true false 5 Text 0 0 ,First,#,MDB_P_VD9,Split_VD,-1,-1,MDB_P_VD8,Split_VD,-1,-1,MDB_P_VD7,Split_VD,-1,-1,MDB_P_VD6,Split_VD,-1,-1,MDB_P_VD5,Split_VD,-1,-1,MDB_P_VD4,Split_VD,-1,-1,MDB_P_VD3,Split_VD,-1,-1,MDB_P_VD2,Split_VD,-1,-1,MDB_P_VD1,Split_VD,-1,-1;DBText_No "DBText_No" true true false 10 Text 0 0 ,First,#,MDB_P_VD9,DBText_No,-1,-1,MDB_P_VD8,DBText_No,-1,-1,MDB_P_VD7,DBText_No,-1,-1,MDB_P_VD6,DBText_No,-1,-1,MDB_P_VD5,DBText_No,-1,-1,MDB_P_VD4,DBText_No,-1,-1,MDB_P_VD3,DBText_No,-1,-1,MDB_P_VD2,DBText_No,-1,-1,MDB_P_VD1,DBText_No,-1,-1;Applicant "Applicant" true true false 254 Text 0 0 ,First,#,MDB_P_VD9,Applicant,-1,-1,MDB_P_VD8,Applicant,-1,-1,MDB_P_VD7,Applicant,-1,-1,MDB_P_VD6,Applicant,-1,-1,MDB_P_VD5,Applicant,-1,-1,MDB_P_VD4,Applicant,-1,-1,MDB_P_VD3,Applicant,-1,-1,MDB_P_VD2,Applicant,-1,-1,MDB_P_VD1,Applicant,-1,-1;Organizati "Organizati" true true false 254 Text 0 0 ,First,#,MDB_P_VD9,Organizati,-1,-1,MDB_P_VD8,Organizati,-1,-1,MDB_P_VD7,Organizati,-1,-1,MDB_P_VD6,Organizati,-1,-1,MDB_P_VD5,Organizati,-1,-1,MDB_P_VD4,Organizati,-1,-1,MDB_P_VD3,Organizati,-1,-1,MDB_P_VD2,Organizati,-1,-1,MDB_P_VD1,Organizati,-1,-1;Phone_No "Phone_No" true true false 254 Text 0 0 ,First,#,MDB_P_VD9,Phone_No,-1,-1,MDB_P_VD8,Phone_No,-1,-1,MDB_P_VD7,Phone_No,-1,-1,MDB_P_VD6,Phone_No,-1,-1,MDB_P_VD5,Phone_No,-1,-1,MDB_P_VD4,Phone_No,-1,-1,MDB_P_VD3,Phone_No,-1,-1,MDB_P_VD2,Phone_No,-1,-1,MDB_P_VD1,Phone_No,-1,-1;Email "Email" true true false 254 Text 0 0 ,First,#,MDB_P_VD9,Email,-1,-1,MDB_P_VD8,Email,-1,-1,MDB_P_VD7,Email,-1,-1,MDB_P_VD6,Email,-1,-1,MDB_P_VD5,Email,-1,-1,MDB_P_VD4,Email,-1,-1,MDB_P_VD3,Email,-1,-1,MDB_P_VD2,Email,-1,-1,MDB_P_VD1,Email,-1,-1;Update_ "Update_" true true false 25 Text 0 0 ,First,#,MDB_P_VD9,Update_,-1,-1,MDB_P_VD8,Update_,-1,-1,MDB_P_VD7,Update_,-1,-1,MDB_P_VD6,Update_,-1,-1,MDB_P_VD5,Update_,-1,-1,MDB_P_VD4,Update_,-1,-1,MDB_P_VD3,Update_,-1,-1,MDB_P_VD2,Update_,-1,-1,MDB_P_VD1,Update_,-1,-1;VotingStation "VotingStation" true true false 255 Text 0 0 ,First,#,MDB_P_VD9,VotingStation,-1,-1,MDB_P_VD8,VotingStation,-1,-1,MDB_P_VD7,VotingStation,-1,-1,MDB_P_VD6,VotingStation,-1,-1,MDB_P_VD5,VotingStation,-1,-1,MDB_P_VD4,VotingStation,-1,-1,MDB_P_VD3,VotingStation,-1,-1,MDB_P_VD2,VotingStation,-1,-1,MDB_P_VD1,VotingStation,-1,-1;VD_ID "VD_ID" true true false 4 Long 0 0 ,First,#,MDB_P_VD9,VD_ID,-1,-1,MDB_P_VD8,VD_ID,-1,-1,MDB_P_VD7,VD_ID,-1,-1,MDB_P_VD6,VD_ID,-1,-1,MDB_P_VD5,VD_ID,-1,-1,MDB_P_VD4,VD_ID,-1,-1,MDB_P_VD3,VD_ID,-1,-1,MDB_P_VD2,VD_ID,-1,-1,MDB_P_VD1,VD_ID,-1,-1;Feedback "Feedback" true true false 25 Text 0 0 ,First,#,MDB_P_VD9,Feedback,-1,-1,MDB_P_VD8,Feedback,-1,-1,MDB_P_VD7,Feedback,-1,-1,MDB_P_VD6,Feedback,-1,-1,MDB_P_VD5,Feedback,-1,-1,MDB_P_VD4,Feedback,-1,-1,MDB_P_VD3,Feedback,-1,-1,MDB_P_VD2,Feedback,-1,-1,MDB_P_VD1,Feedback,-1,-1;No_Signatures "No_Signatures" true true false 2 Short 0 0 ,First,#,MDB_P_VD9,No_Signatures,-1,-1,MDB_P_VD8,No_Signatures,-1,-1,MDB_P_VD7,No_Signatures,-1,-1,MDB_P_VD6,No_Signatures,-1,-1,MDB_P_VD5,No_Signatures,-1,-1,MDB_P_VD4,No_Signatures,-1,-1,MDB_P_VD3,No_Signatures,-1,-1,MDB_P_VD2,No_Signatures,-1,-1,MDB_P_VD1,No_Signatures,-1,-1;Outcome "Outcome" true true false 25 Text 0 0 ,First,#,MDB_P_VD9,Outcome,-1,-1,MDB_P_VD8,Outcome,-1,-1,MDB_P_VD7,Outcome,-1,-1,MDB_P_VD6,Outcome,-1,-1,MDB_P_VD5,Outcome,-1,-1,MDB_P_VD4,Outcome,-1,-1,MDB_P_VD3,Outcome,-1,-1,MDB_P_VD2,Outcome,-1,-1,MDB_P_VD1,Outcome,-1,-1;WardCriteria "WardCriteria" true true false 100 Text 0 0 ,First,#,MDB_P_VD9,WardCriteria,-1,-1,MDB_P_VD8,WardCriteria,-1,-1,MDB_P_VD7,WardCriteria,-1,-1,MDB_P_VD6,WardCriteria,-1,-1,MDB_P_VD5,WardCriteria,-1,-1,MDB_P_VD4,WardCriteria,-1,-1,MDB_P_VD3,WardCriteria,-1,-1,MDB_P_VD2,WardCriteria,-1,-1,MDB_P_VD1,WardCriteria,-1,-1;MDBAssessmnt "MDBAssessmnt" true true false 25 Text 0 0 ,First,#,MDB_P_VD9,MDBAssessmnt,-1,-1,MDB_P_VD8,MDBAssessmnt,-1,-1,MDB_P_VD7,MDBAssessmnt,-1,-1,MDB_P_VD6,MDBAssessmnt,-1,-1,MDB_P_VD5,MDBAssessmnt,-1,-1,MDB_P_VD4,MDBAssessmnt,-1,-1,MDB_P_VD3,MDBAssessmnt,-1,-1,MDB_P_VD2,MDBAssessmnt,-1,-1,MDB_P_VD1,MDBAssessmnt,-1,-1;RejectReasons "RejectReasons" true true false 60 Text 0 0 ,First,#,MDB_P_VD9,RejectReasons,-1,-1,MDB_P_VD8,RejectReasons,-1,-1,MDB_P_VD7,RejectReasons,-1,-1,MDB_P_VD6,RejectReasons,-1,-1,MDB_P_VD5,RejectReasons,-1,-1,MDB_P_VD4,RejectReasons,-1,-1,MDB_P_VD3,RejectReasons,-1,-1,MDB_P_VD2,RejectReasons,-1,-1,MDB_P_VD1,RejectReasons,-1,-1;Comments "Comments" true true false 100 Text 0 0 ,First,#,MDB_P_VD9,Comments,-1,-1,MDB_P_VD8,Comments,-1,-1,MDB_P_VD7,Comments,-1,-1,MDB_P_VD6,Comments,-1,-1,MDB_P_VD5,Comments,-1,-1,MDB_P_VD4,Comments,-1,-1,MDB_P_VD3,Comments,-1,-1,MDB_P_VD2,Comments,-1,-1,MDB_P_VD1,Comments,-1,-1;Shape_Length "Shape_Length" false true true 8 Double 0 0 ,First,#,MDB_P_VD9,Shape_Length,-1,-1,MDB_P_VD8,Shape_Length,-1,-1,MDB_P_VD7,Shape_Length,-1,-1,MDB_P_VD6,Shape_Length,-1,-1,MDB_P_VD5,Shape_Length,-1,-1,MDB_P_VD4,Shape_Length,-1,-1,MDB_P_VD3,Shape_Length,-1,-1,MDB_P_VD2,Shape_Length,-1,-1,MDB_P_VD1,Shape_Length,-1,-1;Shape_Area "Shape_Area" false true true 8 Double 0 0 ,First,#,MDB_P_VD9,Shape_Area,-1,-1,MDB_P_VD8,Shape_Area,-1,-1,MDB_P_VD7,Shape_Area,-1,-1,MDB_P_VD6,Shape_Area,-1,-1,MDB_P_VD5,Shape_Area,-1,-1,MDB_P_VD4,Shape_Area,-1,-1,MDB_P_VD3,Shape_Area,-1,-1,MDB_P_VD2,Shape_Area,-1,-1,MDB_P_VD1,Shape_Area,-1,-1"</Process><Process ToolSource="c:\program files (x86)\arcgis\desktop10.1\ArcToolbox\Toolboxes\Data Management Tools.tbx\CalculateField" Date="20151124" Time="101844">CalculateField LIM_VDs_November2015 IEC_Commen "Yes" VB #</Process><Process ToolSource="c:\program files (x86)\arcgis\desktop10.1\ArcToolbox\Toolboxes\Data Management Tools.tbx\CalculateField" Date="20151124" Time="101908">CalculateField LIM_VDs_November2015 IEC_Commen "Yes" VB #</Process><Process ToolSource="c:\program files (x86)\arcgis\desktop10.2\ArcToolbox\Toolboxes\Data Management Tools.tbx\CalculateField" Date="20160418" Time="164730">CalculateField LIM344_Wards_15April2016 F1 [CAT_B] VB #</Process><Process ToolSource="c:\program files (x86)\arcgis\desktop10.2\ArcToolbox\Toolboxes\Data Management Tools.tbx\CalculateField" Date="20160418" Time="164748">CalculateField LIM344_Wards_15April2016 F2 [WardNo] VB #</Process><Process ToolSource="c:\program files (x86)\arcgis\desktop10.2\ArcToolbox\Toolboxes\Data Management Tools.tbx\CalculateField" Date="20160418" Time="164855">CalculateField LIM344_Wards_15April2016 MapCode "[F1] +"_"+ [F2]" VB #</Process><Process ToolSource="c:\program files (x86)\arcgis\desktop10.2\ArcToolbox\Toolboxes\Data Management Tools.tbx\CalculateField" Date="20160428" Time="101511">CalculateField MunicipalWards2016 MunicName "Makhado" VB #</Process><Process ToolSource="c:\program files (x86)\arcgis\desktop10.3\ArcToolbox\Toolboxes\Data Management Tools.tbx\CalculateField" Date="20160531" Time="151900">CalculateField MunicipalWards2016 Province "LIM" VB #</Process></lineage></DataProperties><SyncDate>20160418</SyncDate><SyncTime>17080700</SyncTime><ModDate>20160418</ModDate><ModTime>17080700</ModTime></Esri><dataIdInfo><envirDesc Sync="TRUE"> Version 6.2 (Build 9200) ; Esri ArcGIS 10.2.2.3552</envirDesc><dataLang><languageCode value="eng" Sync="TRUE"></languageCode><countryCode value="ZAF" Sync="TRUE"></countryCode></dataLang><idCitation><resTitle Sync="TRUE">Wards2016_2</resTitle><presForm><PresFormCd value="005" Sync="TRUE"></PresFormCd></presForm></idCitation><spatRpType><SpatRepTypCd value="001" Sync="TRUE"></SpatRepTypCd></spatRpType></dataIdInfo><mdLang><languageCode value="eng" Sync="TRUE"></languageCode><countryCode value="ZAF" Sync="TRUE"></countryCode></mdLang><distInfo><distFormat><formatName Sync="TRUE">Personal GeoDatabase Feature Class</formatName></distFormat><distTranOps><transSize Sync="TRUE">0.000</transSize></distTranOps></distInfo><mdHrLv><ScopeCd value="005" Sync="TRUE"></ScopeCd></mdHrLv><mdHrLvName Sync="TRUE">dataset</mdHrLvName><refSysInfo><RefSystem><refSysID><identCode code="4326" Sync="TRUE" value="4326"></identCode><idCodeSpace Sync="TRUE">EPSG</idCodeSpace><idVersion Sync="TRUE">8.2.6</idVersion></refSysID></RefSystem></refSysInfo><spatRepInfo><VectSpatRep><geometObjs Name="Wards2016_2"><geoObjTyp><GeoObjTypCd value="002" Sync="TRUE"></GeoObjTypCd></geoObjTyp><geoObjCnt Sync="TRUE">0</geoObjCnt></geometObjs><topLvl><TopoLevCd value="001" Sync="TRUE"></TopoLevCd></topLvl></VectSpatRep></spatRepInfo><spdoinfo><ptvctinf><esriterm Name="Wards2016_2"><efeatyp Sync="TRUE">Simple</efeatyp><efeageom code="4" Sync="TRUE"></efeageom><esritopo Sync="TRUE">FALSE</esritopo><efeacnt Sync="TRUE">0</efeacnt><spindex Sync="TRUE">TRUE</spindex><linrefer Sync="TRUE">FALSE</linrefer></esriterm></ptvctinf></spdoinfo><eainfo><detailed Name="Wards2016_2"><enttyp><enttypl Sync="TRUE">Wards2016_2</enttypl><enttypt Sync="TRUE">Feature Class</enttypt><enttypc Sync="TRUE">0</enttypc></enttyp><attr><attrlabl Sync="TRUE">OBJECTID</attrlabl><attalias Sync="TRUE">OBJECTID</attalias><attrtype Sync="TRUE">OID</attrtype><attwidth Sync="TRUE">4</attwidth><atprecis Sync="TRUE">0</atprecis><attscale Sync="TRUE">0</attscale><attrdef Sync="TRUE">Internal feature number.</attrdef><attrdefs Sync="TRUE">Esri</attrdefs><attrdomv><udom Sync="TRUE">Sequential unique whole numbers that are automatically generated.</udom></attrdomv></attr><attr><attrlabl Sync="TRUE">Shape</attrlabl><attalias Sync="TRUE">Shape</attalias><attrtype Sync="TRUE">Geometry</attrtype><attwidth Sync="TRUE">0</attwidth><atprecis Sync="TRUE">0</atprecis><attscale Sync="TRUE">0</attscale><attrdef Sync="TRUE">Feature geometry.</attrdef><attrdefs Sync="TRUE">Esri</attrdefs><attrdomv><udom Sync="TRUE">Coordinates defining the features.</udom></attrdomv></attr><attr><attrlabl Sync="TRUE">Province</attrlabl><attalias Sync="TRUE">Province</attalias><attrtype Sync="TRUE">String</attrtype><attwidth Sync="TRUE">50</attwidth><atprecis Sync="TRUE">0</atprecis><attscale Sync="TRUE">0</attscale></attr><attr><attrlabl Sync="TRUE">CAT_B</attrlabl><attalias Sync="TRUE">CAT_B</attalias><attrtype Sync="TRUE">String</attrtype><attwidth Sync="TRUE">150</attwidth><atprecis Sync="TRUE">0</atprecis><attscale Sync="TRUE">0</attscale></attr><attr><attrlabl Sync="TRUE">WardNo</attrlabl><attalias Sync="TRUE">WardNo</attalias><attrtype Sync="TRUE">SmallInteger</attrtype><attwidth Sync="TRUE">2</attwidth><atprecis Sync="TRUE">0</atprecis><attscale Sync="TRUE">0</attscale></attr><attr><attrlabl Sync="TRUE">WardID</attrlabl><attalias Sync="TRUE">WardID</attalias><attrtype Sync="TRUE">String</attrtype><attwidth Sync="TRUE">10</attwidth><atprecis Sync="TRUE">0</atprecis><attscale Sync="TRUE">0</attscale></attr><attr><attrlabl Sync="TRUE">MapCode</attrlabl><attalias Sync="TRUE">MapCode</attalias><attrtype Sync="TRUE">String</attrtype><attwidth Sync="TRUE">50</attwidth><atprecis Sync="TRUE">0</atprecis><attscale Sync="TRUE">0</attscale></attr><attr><attrlabl Sync="TRUE">MunicName</attrlabl><attalias Sync="TRUE">MunicName</attalias><attrtype Sync="TRUE">String</attrtype><attwidth Sync="TRUE">100</attwidth><atprecis Sync="TRUE">0</atprecis><attscale Sync="TRUE">0</attscale></attr><attr><attrlabl Sync="TRUE">Shape_Length</attrlabl><attalias Sync="TRUE">Shape_Length</attalias><attrtype Sync="TRUE">Double</attrtype><attwidth Sync="TRUE">8</attwidth><atprecis Sync="TRUE">0</atprecis><attscale Sync="TRUE">0</attscale><attrdef Sync="TRUE">Length of feature in internal units.</attrdef><attrdefs Sync="TRUE">Esri</attrdefs><attrdomv><udom Sync="TRUE">Positive real numbers that are automatically generated.</udom></attrdomv></attr><attr><attrlabl Sync="TRUE">Shape_Area</attrlabl><attalias Sync="TRUE">Shape_Area</attalias><attrtype Sync="TRUE">Double</attrtype><attwidth Sync="TRUE">8</attwidth><atprecis Sync="TRUE">0</atprecis><attscale Sync="TRUE">0</attscale><attrdef Sync="TRUE">Area of feature in internal units squared.</attrdef><attrdefs Sync="TRUE">Esri</attrdefs><attrdomv><udom Sync="TRUE">Positive real numbers that are automatically generated.</udom></attrdomv></attr></detailed></eainfo><mdDateSt Sync="TRUE">20160418</mdDateSt><mdChar><CharSetCd value="004" Sync="TRUE"></CharSetCd></mdChar></metadata>
